Workbook

Sheet Total
A1: Sale Report Of Pharmma Alliance Company By August 2026
A2: No | B2: SKU | C2: Name | D2: Unit | E2: SSA1 | F2: SSA2 | G2: SSA3 | H2: SSA5 | I2: SSA6 | J2: SSA7
A3: 1 | B3: 15722 | C3: (Free) Arotika calza ຖົງຫິ້ວ (ສີຟ້າ) BDC | D3: ອັນ | E3: =IFERROR(INDEX('SSA1'!E:E,MATCH(Total!B3,'SSA1'!B:B,0)),"-") -> - | F3: =IFERROR(INDEX('SSA2'!E:E,MATCH(Total!B3,'SSA2'!B:B,0)),"-") -> - | G3: =IFERROR(INDEX('SSA3'!E:E,MATCH(Total!B3,'SSA3'!B:B,0)),"-") -> - | H3: =IFERROR(INDEX('SSA5'!E:E,MATCH(Total!B3,'SSA5'!B:B,0)),"-") -> - | I3: =IFERROR(INDEX('SSA6'!E:E,MATCH(Total!B3,'SSA6'!B:B,0)),"-") -> - | J3: =IFERROR(INDEX('SSA7'!E:E,MATCH(Total!B3,'SSA7'!B:B,0)),"-") -> -
A4: 2 | B4: 18797 | C4: (Free) Arotika cool spray 60ml Fl | D4: ກ້ອງFl | E4: =IFERROR(INDEX('SSA1'!E:E,MATCH(Total!B4,'SSA1'!B:B,0)),"-") -> - | F4: =IFERROR(INDEX('SSA2'!E:E,MATCH(Total!B4,'SSA2'!B:B,0)),"-") -> - | G4: =IFERROR(INDEX('SSA3'!E:E,MATCH(Total!B4,'SSA3'!B:B,0)),"-") -> - | H4: =IFERROR(INDEX('SSA5'!E:E,MATCH(Total!B4,'SSA5'!B:B,0)),"-") -> - | I4: =IFERROR(INDEX('SSA6'!E:E,MATCH(Total!B4,'SSA6'!B:B,0)),"-") -> - | J4: =IFERROR(INDEX('SSA7'!E:E,MATCH(Total!B4,'SSA7'!B:B,0)),"-") -> -
A5: 3 | B5: 935 | C5: (Free) Arotika pen | D5: ອັນ | E5: =IFERROR(INDEX('SSA1'!E:E,MATCH(Total!B5,'SSA1'!B:B,0)),"-") -> - | F5: =IFERROR(INDEX('SSA2'!E:E,MATCH(Total!B5,'SSA2'!B:B,0)),"-") -> - | G5: =IFERROR(INDEX('SSA3'!E:E,MATCH(Total!B5,'SSA3'!B:B,0)),"-") -> - | H5: =IFERROR(INDEX('SSA5'!E:E,MATCH(Total!B5,'SSA5'!B:B,0)),"-") -> - | I5: =IFERROR(INDEX('SSA6'!E:E,MATCH(Total!B5,'SSA6'!B:B,0)),"-") -> - | J5: =IFERROR(INDEX('SSA7'!E:E,MATCH(Total!B5,'SSA7'!B:B,0)),"-") -> -
A6: 4 | B6: 934 | C6: (Free) Arotika rub 15g | D6: ຫຼອດTub | E6: =IFERROR(INDEX('SSA1'!E:E,MATCH(Total!B6,'SSA1'!B:B,0)),"-") -> - | F6: =IFERROR(INDEX('SSA2'!E:E,MATCH(Total!B6,'SSA2'!B:B,0)),"-") -> - | G6: =IFERROR(INDEX('SSA3'!E:E,MATCH(Total!B6,'SSA3'!B:B,0)),"-") -> - | H6: =IFERROR(INDEX('SSA5'!E:E,MATCH(Total!B6,'SSA5'!B:B,0)),"-") -> - | I6: =IFERROR(INDEX('SSA6'!E:E,MATCH(Total!B6,'SSA6'!B:B,0)),"-") -> - | J6: =IFERROR(INDEX('SSA7'!E:E,MATCH(Total!B6,'SSA7'!B:B,0)),"-") -> -
A7: 5 | B7: 14105 | C7: (Free) Arotika ເສື້ອຢືດ | D7: ຜືນ | E7: =IFERROR(INDEX('SSA1'!E:E,MATCH(Total!B7,'SSA1'!B:B,0)),"-") -> - | F7: =IFERROR(INDEX('SSA2'!E:E,MATCH(Total!B7,'SSA2'!B:B,0)),"-") -> - | G7: =IFERROR(INDEX('SSA3'!E:E,MATCH(Total!B7,'SSA3'!B:B,0)),"-") -> - | H7: =IFERROR(INDEX('SSA5'!E:E,MATCH(Total!B7,'SSA5'!B:B,0)),"-") -> - | I7: =IFERROR(INDEX('SSA6'!E:E,MATCH(Total!B7,'SSA6'!B:B,0)),"-") -> - | J7: =IFERROR(INDEX('SSA7'!E:E,MATCH(Total!B7,'SSA7'!B:B,0)),"-") -> -
A8: 6 | B8: 12853 | C8: (Free) Bag Clenascar + Bag Plaivana | D8: ອັນ | E8: =IFERROR(INDEX('SSA1'!E:E,MATCH(Total!B8,'SSA1'!B:B,0)),"-") -> - | F8: =IFERROR(INDEX('SSA2'!E:E,MATCH(Total!B8,'SSA2'!B:B,0)),"-") -> - | G8: =IFERROR(INDEX('SSA3'!E:E,MATCH(Total!B8,'SSA3'!B:B,0)),"-") -> - | H8: =IFERROR(INDEX('SSA5'!E:E,MATCH(Total!B8,'SSA5'!B:B,0)),"-") -> - | I8: =IFERROR(INDEX('SSA6'!E:E,MATCH(Total!B8,'SSA6'!B:B,0)),"-") -> - | J8: =IFERROR(INDEX('SSA7'!E:E,MATCH(Total!B8,'SSA7'!B:B,0)),"-") -> -
A9: 7 | B9: 19342 | C9: (Free) Camping chair ຕັ່ງແຄມປິ້ງ | D9: ໜ່ວຍ | E9: =IFERROR(INDEX('SSA1'!E:E,MATCH(Total!B9,'SSA1'!B:B,0)),"-") -> - | F9: =IFERROR(INDEX('SSA2'!E:E,MATCH(Total!B9,'SSA2'!B:B,0)),"-") -> - | G9: =IFERROR(INDEX('SSA3'!E:E,MATCH(Total!B9,'SSA3'!B:B,0)),"-") -> - | H9: =IFERROR(INDEX('SSA5'!E:E,MATCH(Total!B9,'SSA5'!B:B,0)),"-") -> - | I9: =IFERROR(INDEX('SSA6'!E:E,MATCH(Total!B9,'SSA6'!B:B,0)),"-") -> - | J9: =IFERROR(INDEX('SSA7'!E:E,MATCH(Total!B9,'SSA7'!B:B,0)),"-") -> -
A10: 8 | B10: 19404 | C10: (Free) Camping table ໂຕະແຄມປິ້ງ | D10: ໜ່ວຍ | E10: =IFERROR(INDEX('SSA1'!E:E,MATCH(Total!B10,'SSA1'!B:B,0)),"-") -> - | F10: =IFERROR(INDEX('SSA2'!E:E,MATCH(Total!B10,'SSA2'!B:B,0)),"-") -> - | G10: =IFERROR(INDEX('SSA3'!E:E,MATCH(Total!B10,'SSA3'!B:B,0)),"-") -> - | H10: =IFERROR(INDEX('SSA5'!E:E,MATCH(Total!B10,'SSA5'!B:B,0)),"-") -> - | I10: =IFERROR(INDEX('SSA6'!E:E,MATCH(Total!B10,'SSA6'!B:B,0)),"-") -> - | J10: =IFERROR(INDEX('SSA7'!E:E,MATCH(Total!B10,'SSA7'!B:B,0)),"-") -> -
A11: 9 | B11: 18639 | C11: (Free) Capsika 0,0125% gel 35g BDC | D11: ຫຼອດTub | E11: =IFERROR(INDEX('SSA1'!E:E,MATCH(Total!B11,'SSA1'!B:B,0)),"-") -> - | F11: =IFERROR(INDEX('SSA2'!E:E,MATCH(Total!B11,'SSA2'!B:B,0)),"-") -> - | G11: =IFERROR(INDEX('SSA3'!E:E,MATCH(Total!B11,'SSA3'!B:B,0)),"-") -> - | H11: =IFERROR(INDEX('SSA5'!E:E,MATCH(Total!B11,'SSA5'!B:B,0)),"-") -> - | I11: =IFERROR(INDEX('SSA6'!E:E,MATCH(Total!B11,'SSA6'!B:B,0)),"-") -> - | J11: =IFERROR(INDEX('SSA7'!E:E,MATCH(Total!B11,'SSA7'!B:B,0)),"-") -> -
A12: 10 | B12: 18578 | C12: (Free) Capsika-25 lotion spong pak 80ml | D12: ກ້ອງFl | E12: =IFERROR(INDEX('SSA1'!E:E,MATCH(Total!B12,'SSA1'!B:B,0)),"-") -> - | F12: =IFERROR(INDEX('SSA2'!E:E,MATCH(Total!B12,'SSA2'!B:B,0)),"-") -> - | G12: =IFERROR(INDEX('SSA3'!E:E,MATCH(Total!B12,'SSA3'!B:B,0)),"-") -> - | H12: =IFERROR(INDEX('SSA5'!E:E,MATCH(Total!B12,'SSA5'!B:B,0)),"-") -> - | I12: =IFERROR(INDEX('SSA6'!E:E,MATCH(Total!B12,'SSA6'!B:B,0)),"-") -> - | J12: =IFERROR(INDEX('SSA7'!E:E,MATCH(Total!B12,'SSA7'!B:B,0)),"-") -> -
A13: 11 | B13: 15947 | C13: (Free) Cleanako ເຈວລ້າງມື ເຫຼົ້າ 75% 50ml | D13: ຫຼອດTub | E13: =IFERROR(INDEX('SSA1'!E:E,MATCH(Total!B13,'SSA1'!B:B,0)),"-") -> - | F13: =IFERROR(INDEX('SSA2'!E:E,MATCH(Total!B13,'SSA2'!B:B,0)),"-") -> - | G13: =IFERROR(INDEX('SSA3'!E:E,MATCH(Total!B13,'SSA3'!B:B,0)),"-") -> - | H13: =IFERROR(INDEX('SSA5'!E:E,MATCH(Total!B13,'SSA5'!B:B,0)),"-") -> - | I13: =IFERROR(INDEX('SSA6'!E:E,MATCH(Total!B13,'SSA6'!B:B,0)),"-") -> - | J13: =IFERROR(INDEX('SSA7'!E:E,MATCH(Total!B13,'SSA7'!B:B,0)),"-") -> -
A14: 12 | B14: 18637 | C14: (Free) Clenascar gel 7g BDC | D14: ຫຼອດTub | E14: =IFERROR(INDEX('SSA1'!E:E,MATCH(Total!B14,'SSA1'!B:B,0)),"-") -> - | F14: =IFERROR(INDEX('SSA2'!E:E,MATCH(Total!B14,'SSA2'!B:B,0)),"-") -> - | G14: =IFERROR(INDEX('SSA3'!E:E,MATCH(Total!B14,'SSA3'!B:B,0)),"-") -> - | H14: =IFERROR(INDEX('SSA5'!E:E,MATCH(Total!B14,'SSA5'!B:B,0)),"-") -> - | I14: =IFERROR(INDEX('SSA6'!E:E,MATCH(Total!B14,'SSA6'!B:B,0)),"-") -> - | J14: =IFERROR(INDEX('SSA7'!E:E,MATCH(Total!B14,'SSA7'!B:B,0)),"-") -> -
... A245: 243 | B245: 00894 | C245: ໄອຄ໋ອບ-ບີ 15mg 1000ເມັດ/ປ໋ອງ BDC | D245: ເມັດTab | E245: =IFERROR(INDEX('SSA1'!E:E,MATCH(Total!B245,'SSA1'!B:B,0)),"-") -> - | F245: =IFERROR(INDEX('SSA2'!E:E,MATCH(Total!B245,'SSA2'!B:B,0)),"-") -> - | G245: =IFERROR(INDEX('SSA3'!E:E,MATCH(Total!B245,'SSA3'!B:B,0)),"-") -> - | H245: =IFERROR(INDEX('SSA5'!E:E,MATCH(Total!B245,'SSA5'!B:B,0)),"-") -> - | I245: =IFERROR(INDEX('SSA6'!E:E,MATCH(Total!B245,'SSA6'!B:B,0)),"-") -> - | J245: =IFERROR(INDEX('SSA7'!E:E,MATCH(Total!B245,'SSA7'!B:B,0)),"-") -> -

Sheet SSA1
A1: Sale Report Of Alliance Company By August 2026 SSA1 (ສີຫອມ)
A2: No | B2: SKU | C2: Name | D2: Unit | E2: Qty | F2: Price
A3: 1 | B3: 00368 | C3: ອານເລີແລ໋ກ-ເອັຟຊີ 10mg 50ແຜງ/ກັບ BDC | D3: ແຜງ | E3: 495 | F3: 1588000
A4: 2 | B4: 00369 | C4: ອານເລີແລ໋ກ-ເອັຟຊີ 10mg 1000ເມັດ/ປ໋ອງ BDC | D4: ປ໋ອງ | E4: 10 | F4: 1460000
A5: 3 | B5: 00581 | C5: ແຄບຊີກ້າ 0,0125% ເຈວ 35g BDC | D5: ຫຼອດTub | E5: 63 | F5: 1988000
A6: 4 | B6: 00644 | C6: ຊີໂປຼຊິນ (ຊີໂປຼໂຟຼຊາຊິນ) 500mg 10ແຜງ/ກັບ FML | D6: ແຜງ | E6: 579 | F6: 8485000
A7: 5 | B7: 00658 | C7: ຄີນີເຈວ (ວັດເຊີລິນ) 50g BDC | D7: ຫຼອດTub | E7: 80 | F7: 2540000
A8: 6 | B8: 00660 | C8: ຄີນີວັດ ຄຼີມ 5g BDC | D8: ຫຼອດTub | E8: 37 | F8: 389000
A9: 7 | B9: 00661 | C9: ຄີນີວັດ-ເອັນ ຄຼີມ 5g BDC | D9: ຫຼອດTub | E9: 579 | F9: 6129000
A10: 8 | B10: 00662 | C10: ຄຼີໂນເດີມ (ຄໍເບຕາໂຊນ) ຄຼີມ 5g BDC | D10: ຫຼອດTub | E10: 72 | F10: 1152000
A11: 9 | B11: 00663 | C11: ຄີໂນເວຍ (ອາຊິດຄໍເວຍ) ຄຼີມ 5g BDC | D11: ຫຼອດTub | E11: 940 | F11: 9983000
A12: 10 | B12: 00664 | C12: ຄີໂນເວຍ (ອາຊິດຄໍເວຍ) 200mg BDC | D12: ແຜງ | E12: 164 | F12: 2296000
A13: 11 | B13: 00863 | C13: ດອມເພີ-ເອັມ (ດອມເພີຣີໂດນ) 10mg BDC | D13: ແຜງ | E13: 1721 | F13: 6285000
A14: 12 | B14: 00996 | C14: ແຟງໂກ (ໂຄຕິມາໂຊນ) ຄຼີມ 5g BDC | D14: ຫຼອດTub | E14: 17 | F14: 167000
... A70: 68 | B70: 19685 | C70: ອາຊາມິນ (ຕັງຊາມິກ ອາຊິດ) 250mg 50ແຜງ/ກັບ | D70: ແຜງ | E70: 4 | F70: 92000
A71: TOTAL | F71: =SUM(F3:F70) -> 3.05435e+08
D73: ພະແນກDATA
D74: 46266
D75: ນ. ພິຂຸນທອງ

Sheet SSA2
A1: Sale Report Of Alliance Company By August 2026 SSA2 (T2)
A2: No | B2: SKU | C2: Name | D2: Unit | E2: Qty | F2: Price
A3: 1 | B3: 00368 | C3: ອານເລີແລ໋ກ-ເອັຟຊີ 10mg 50ແຜງ/ກັບ BDC | D3: ແຜງ | E3: 10 | F3: 40000
A4: 2 | B4: 00581 | C4: ແຄບຊີກ້າ 0,0125% ເຈວ 35g BDC | D4: ຫຼອດTub | E4: 5 | F4: 160000
A5: 3 | B5: 00644 | C5: ຊີໂປຼຊິນ (ຊີໂປຼໂຟຼຊາຊິນ) 500mg 10ແຜງ/ກັບ FML | D5: ແຜງ | E5: 2 | F5: 30000
A6: 4 | B6: 00658 | C6: ຄີນີເຈວ (ວັດເຊີລິນ) 50g BDC | D6: ຫຼອດTub | E6: 7 | F6: 220000
A7: 5 | B7: 00661 | C7: ຄີນີວັດ-ເອັນ ຄຼີມ 5g BDC | D7: ຫຼອດTub | E7: 9 | F7: 99000
A8: 6 | B8: 00663 | C8: ຄີໂນເວຍ (ອາຊິດຄໍເວຍ) ຄຼີມ 5g BDC | D8: ຫຼອດTub | E8: 59 | F8: 637000
A9: 7 | B9: 00664 | C9: ຄີໂນເວຍ (ອາຊິດຄໍເວຍ) 200mg BDC | D9: ແຜງ | E9: 12 | F9: 168000
A10: 8 | B10: 00863 | C10: ດອມເພີ-ເອັມ (ດອມເພີຣີໂດນ) 10mg BDC | D10: ແຜງ | E10: 9 | F10: 36000
A11: 9 | B11: 00996 | C11: ແຟງໂກ (ໂຄຕິມາໂຊນ) ຄຼີມ 5g BDC | D11: ຫຼອດTub | E11: 12 | F11: 117000
A12: 10 | B12: 01012 | C12: ເຟກໂຊຕິນ (ເຟກໂຊເຟນາດິນ) 60mg 10ກັບ/ແພັກ FML | D12: ກັບ | E12: 9 | F12: 243000
A13: 11 | B13: 01091 | C13: ກູລໂກຊາ 1500mg ແດງ 30ຊອງ/ກັບ BDC | D13: ກັບ | E13: 3 | F13: 606000
A14: 12 | B14: 01094 | C14: ກູລໂກຊາ 500mg 10ແຜງ/ກັບ BDC | D14: ແຜງ | E14: 15 | F14: 276000
... A53: 51 | B53: 19502 | C53: Clenascar acne spot gel 7g | D53: ຫຼອດTub | E53: 1 | F53: 53000
A54: TOTAL | F54: =SUM(F3:F53) -> 16414000
D56: ພະແນກDATA
D57: 46266
D58: ນ. ພິຂຸນທອງ

Sheet SSA3
A1: Sale Report Of Alliance Company By August 2026 SSA3 (ສະພານທອງ)
A2: No | B2: SKU | C2: Name | D2: Unit | E2: Qty | F2: Price
A3: 1 | B3: 00368 | C3: ອານເລີແລ໋ກ-ເອັຟຊີ 10mg 50ແຜງ/ກັບ BDC | D3: ແຜງ | E3: 35 | F3: 124000
A4: 2 | B4: 00581 | C4: ແຄບຊີກ້າ 0,0125% ເຈວ 35g BDC | D4: ຫຼອດTub | E4: 7 | F4: 224000
A5: 3 | B5: 00644 | C5: ຊີໂປຼຊິນ (ຊີໂປຼໂຟຼຊາຊິນ) 500mg 10ແຜງ/ກັບ FML | D5: ແຜງ | E5: 220 | F5: 3244000
A6: 4 | B6: 00658 | C6: ຄີນີເຈວ (ວັດເຊີລິນ) 50g BDC | D6: ຫຼອດTub | E6: 78 | F6: 2480000
A7: 5 | B7: 00660 | C7: ຄີນີວັດ ຄຼີມ 5g BDC | D7: ຫຼອດTub | E7: 19 | F7: 209000
A8: 6 | B8: 00661 | C8: ຄີນີວັດ-ເອັນ ຄຼີມ 5g BDC | D8: ຫຼອດTub | E8: 60 | F8: 651000
A9: 7 | B9: 00662 | C9: ຄຼີໂນເດີມ (ຄໍເບຕາໂຊນ) ຄຼີມ 5g BDC | D9: ຫຼອດTub | E9: 19 | F9: 304000
A10: 8 | B10: 00663 | C10: ຄີໂນເວຍ (ອາຊິດຄໍເວຍ) ຄຼີມ 5g BDC | D10: ຫຼອດTub | E10: 804 | F10: 8580000
A11: 9 | B11: 00664 | C11: ຄີໂນເວຍ (ອາຊິດຄໍເວຍ) 200mg BDC | D11: ແຜງ | E11: 101 | F11: 1414000
A12: 10 | B12: 00863 | C12: ດອມເພີ-ເອັມ (ດອມເພີຣີໂດນ) 10mg BDC | D12: ແຜງ | E12: 279 | F12: 1070000
A13: 11 | B13: 00996 | C13: ແຟງໂກ (ໂຄຕິມາໂຊນ) ຄຼີມ 5g BDC | D13: ຫຼອດTub | E13: 16 | F13: 157000
A14: 12 | B14: 01012 | C14: ເຟກໂຊຕິນ (ເຟກໂຊເຟນາດິນ) 60mg 10ກັບ/ແພັກ FML | D14: ກັບ | E14: 228 | F14: 6151000
... A68: 66 | B68: 19501 | C68: ໄດອາບີເດີມ ໂລຊັ່ນ 10% (ສີຂຽວ) 200ml BDC | D68: ກ້ອງFl | E68: 3 | F68: 618000
A69: TOTAL | F69: =SUM(F3:F68) -> 1.7337999e+08
D71: ພະແນກDATA
D72: 46266
D73: ນ. ພິຂຸນທອງ

Sheet SSA5
A1: Sale Report Of Alliance Company By August 2026 SSA5 (ຈອມມະນີ)
A2: No | B2: SKU | C2: Name | D2: Unit | E2: Qty | F2: Price
A3: 1 | B3: 00368 | C3: ອານເລີແລ໋ກ-ເອັຟຊີ 10mg 50ແຜງ/ກັບ BDC | D3: ແຜງ | E3: 228 | F3: 732000
A4: 2 | B4: 00369 | C4: ອານເລີແລ໋ກ-ເອັຟຊີ 10mg 1000ເມັດ/ປ໋ອງ BDC | D4: ປ໋ອງ | E4: 4 | F4: 584000
A5: 3 | B5: 00503 | C5: ແອນແຊັກ ຟູໂລຊິຕິນ 20mg 500ເມັດ/ປ໋ອງ BDC | D5: ເມັດTab | E5: 500 | F5: 278000
A6: 4 | B6: 00581 | C6: ແຄບຊີກ້າ 0,0125% ເຈວ 35g BDC | D6: ຫຼອດTub | E6: 86 | F6: 2745000
A7: 5 | B7: 00644 | C7: ຊີໂປຼຊິນ (ຊີໂປຼໂຟຼຊາຊິນ) 500mg 10ແຜງ/ກັບ FML | D7: ແຜງ | E7: 352 | F7: 5208000
A8: 6 | B8: 00658 | C8: ຄີນີເຈວ (ວັດເຊີລິນ) 50g BDC | D8: ຫຼອດTub | E8: 105 | F8: 3348000
A9: 7 | B9: 00660 | C9: ຄີນີວັດ ຄຼີມ 5g BDC | D9: ຫຼອດTub | E9: 2 | F9: 22000
A10: 8 | B10: 00661 | C10: ຄີນີວັດ-ເອັນ ຄຼີມ 5g BDC | D10: ຫຼອດTub | E10: 324 | F10: 3444000
A11: 9 | B11: 00662 | C11: ຄຼີໂນເດີມ (ຄໍເບຕາໂຊນ) ຄຼີມ 5g BDC | D11: ຫຼອດTub | E11: 62 | F11: 992000
A12: 10 | B12: 00663 | C12: ຄີໂນເວຍ (ອາຊິດຄໍເວຍ) ຄຼີມ 5g BDC | D12: ຫຼອດTub | E12: 714 | F12: 7596000
A13: 11 | B13: 00664 | C13: ຄີໂນເວຍ (ອາຊິດຄໍເວຍ) 200mg BDC | D13: ແຜງ | E13: 127 | F13: 1778000
A14: 12 | B14: 00863 | C14: ດອມເພີ-ເອັມ (ດອມເພີຣີໂດນ) 10mg BDC | D14: ແຜງ | E14: 316 | F14: 1187000
... A76: 74 | B76: 19503 | C76: Raqua glow facce wash 50ml | D76: ຫຼອດTub | E76: 3 | F76: 201000
A77: TOTAL | F77: =SUM(F3:F76) -> 2.5339127e+08
D79: ພະແນກDATA
D80: 46266
D81: ນ. ພິຂຸນທອງ

Sheet SSA6
A1: Sale Report Of Royal-D Alliance By August 2026 SSA6 (ແສງສະຫວ່າງ)
A2: No | B2: SKU | C2: Name | D2: Unit | E2: Qty | F2: Price
A3: 1 | B3: 00368 | C3: ອານເລີແລ໋ກ-ເອັຟຊີ 10mg 50ແຜງ/ກັບ BDC | D3: ແຜງ | E3: 6 | F3: 24000
A4: 2 | B4: 00644 | C4: ຊີໂປຼຊິນ (ຊີໂປຼໂຟຼຊາຊິນ) 500mg 10ແຜງ/ກັບ FML | D4: ແຜງ | E4: 42 | F4: 626000
A5: 3 | B5: 00658 | C5: ຄີນີເຈວ (ວັດເຊີລິນ) 50g BDC | D5: ຫຼອດTub | E5: 23 | F5: 736000
A6: 4 | B6: 00660 | C6: ຄີນີວັດ ຄຼີມ 5g BDC | D6: ຫຼອດTub | E6: 4 | F6: 44000
A7: 5 | B7: 00661 | C7: ຄີນີວັດ-ເອັນ ຄຼີມ 5g BDC | D7: ຫຼອດTub | E7: 140 | F7: 1492000
A8: 6 | B8: 00662 | C8: ຄຼີໂນເດີມ (ຄໍເບຕາໂຊນ) ຄຼີມ 5g BDC | D8: ຫຼອດTub | E8: 2 | F8: 32000
A9: 7 | B9: 00663 | C9: ຄີໂນເວຍ (ອາຊິດຄໍເວຍ) ຄຼີມ 5g BDC | D9: ຫຼອດTub | E9: 455 | F9: 4843000
A10: 8 | B10: 00664 | C10: ຄີໂນເວຍ (ອາຊິດຄໍເວຍ) 200mg BDC | D10: ແຜງ | E10: 41 | F10: 574000
A11: 9 | B11: 00863 | C11: ດອມເພີ-ເອັມ (ດອມເພີຣີໂດນ) 10mg BDC | D11: ແຜງ | E11: 99 | F11: 381000
A12: 10 | B12: 00999 | C12: ຟາຕຸດຊິນ 10ແຜງ/ກັບ 15mg FML | D12: ແຜງ | E12: 7 | F12: 49000
A13: 11 | B13: 01012 | C13: ເຟກໂຊຕິນ (ເຟກໂຊເຟນາດິນ) 60mg 10ກັບ/ແພັກ FML | D13: ກັບ | E13: 76 | F13: 2052000
A14: 12 | B14: 01091 | C14: ກູລໂກຊາ 1500mg ແດງ 30ຊອງ/ກັບ BDC | D14: ກັບ | E14: 31 | F14: 6262000
... A71: 69 | B71: 19685 | C71: ອາຊາມິນ (ຕັງຊາມິກ ອາຊິດ) 250mg 50ແຜງ/ກັບ | D71: ແຜງ | E71: 4 | F71: 92000
A72: TOTAL | F72: =SUM(F3:F71) -> 89804428
D74: ພະແນກDATA
D75: 46266
D76: ນ. ພິຂຸນທອງ

Sheet SSA7
A1: Sale Report Of Alliance Company By August 2026 SSA7 (ສາຂາເກົ້າຍອດ)
A2: No | B2: SKU | C2: Name | D2: Unit | E2: Qty | F2: Price
A3: 1 | B3: 00368 | C3: ອານເລີແລ໋ກ-ເອັຟຊີ 10mg 50ແຜງ/ກັບ BDC | D3: ແຜງ | E3: 19 | F3: 76000
A4: 2 | B4: 00369 | C4: ອານເລີແລ໋ກ-ເອັຟຊີ 10mg 1000ເມັດ/ປ໋ອງ BDC | D4: ປ໋ອງ | E4: 1 | F4: 146000
A5: 3 | B5: 00581 | C5: ແຄບຊີກ້າ 0,0125% ເຈວ 35g BDC | D5: ຫຼອດTub | E5: 28 | F5: 889000
A6: 4 | B6: 00644 | C6: ຊີໂປຼຊິນ (ຊີໂປຼໂຟຼຊາຊິນ) 500mg 10ແຜງ/ກັບ FML | D6: ແຜງ | E6: 264 | F6: 3884000
A7: 5 | B7: 00658 | C7: ຄີນີເຈວ (ວັດເຊີລິນ) 50g BDC | D7: ຫຼອດTub | E7: 26 | F7: 832000
A8: 6 | B8: 00661 | C8: ຄີນີວັດ-ເອັນ ຄຼີມ 5g BDC | D8: ຫຼອດTub | E8: 140 | F8: 1501000
A9: 7 | B9: 00662 | C9: ຄຼີໂນເດີມ (ຄໍເບຕາໂຊນ) ຄຼີມ 5g BDC | D9: ຫຼອດTub | E9: 52 | F9: 832000
A10: 8 | B10: 00663 | C10: ຄີໂນເວຍ (ອາຊິດຄໍເວຍ) ຄຼີມ 5g BDC | D10: ຫຼອດTub | E10: 332 | F10: 3559000
A11: 9 | B11: 00664 | C11: ຄີໂນເວຍ (ອາຊິດຄໍເວຍ) 200mg BDC | D11: ແຜງ | E11: 42 | F11: 588000
A12: 10 | B12: 00863 | C12: ດອມເພີ-ເອັມ (ດອມເພີຣີໂດນ) 10mg BDC | D12: ແຜງ | E12: 537 | F12: 1962000
A13: 11 | B13: 00996 | C13: ແຟງໂກ (ໂຄຕິມາໂຊນ) ຄຼີມ 5g BDC | D13: ຫຼອດTub | E13: 17 | F13: 167000
A14: 12 | B14: 01012 | C14: ເຟກໂຊຕິນ (ເຟກໂຊເຟນາດິນ) 60mg 10ກັບ/ແພັກ FML | D14: ກັບ | E14: 80 | F14: 2150000
... A67: 65 | B67: 19685 | C67: ອາຊາມິນ (ຕັງຊາມິກ ອາຊິດ) 250mg 50ແຜງ/ກັບ | D67: ແຜງ | E67: 27 | F67: 621000
A68: TOTAL | F68: =SUM(F3:F67) -> 1.2474385e+08
D70: ພະແນກDATA
D71: 46266
D72: ນ. ພິຂຸນທອງ
